email,password,first_name,last_name,address,city,state,phone
cbehrend0@histats.com,D60SAsh,Clyve,Behrend,6300 Scoville Terrace,Greensboro,North Carolina,910-273-7135
kcarriage1@fema.gov,ay0cUH4Nehi,Korie,Carriage,13 Columbus Street,Palm Bay,Florida,321-242-1209
dtresise2@edublogs.org,L328HNT,Donall,Tresise,3559 Morningstar Pass,Round Rock,Texas,512-409-9711
ironnay3@nifty.com,lNVMYMblIZ,Innis,Ronnay,652 Butternut Way,Washington,District of Columbia,202-975-6283
qlargent4@tumblr.com,n5uKseZIF,Quentin,L'argent,1 Hollow Ridge Circle,Shreveport,Louisiana,318-981-7480
hdegouy5@harvard.edu,MIC3aj4dQC,Harmonie,De Gouy,4 Algoma Alley,Fort Lauderdale,Florida,754-251-7657
pmedd6@behance.net,uYUe2tFLmG0O,Phelia,Medd,7424 Atwood Pass,Dayton,Ohio,937-424-7496
ehessenthaler7@phoca.cz,mMz0iWRg,Emelita,Hessenthaler,255 Leroy Circle,Peoria,Illinois,309-913-8096
bjacobson8@gov.uk,akR978Mk,Berny,Jacobson,76 Fairview Crossing,Rockford,Illinois,815-290-1607
nfrederick9@ask.com,JdkDLHISP,Natty,Frederick,81 Rowland Parkway,Washington,District of Columbia,202-684-2810
ggreevesona@businesswire.com,Ej7JXb3,Gianni,Greeveson,365 Redwing Point,Grand Junction,Colorado,970-118-5481
sprangerb@discovery.com,IC4u9LDho0h,Sophey,Pranger,270 Miller Park,Washington,District of Columbia,202-651-9831
mmclesec@oaic.gov.au,OHlwmk3n,Moritz,McLese,8600 Northwestern Park,Sacramento,California,916-597-0057
sboichd@admin.ch,FQIDjpsV6gCH,Sanderson,Boich,5 Packers Terrace,Madison,Wisconsin,608-543-8434
lparamoree@irs.gov,kw3veod2c,Leigha,Paramore,623 Cardinal Circle,Silver Spring,Maryland,240-225-7231
mscarff@paginegialle.it,dddNbhc6,Maureen,Scarf,2037 Buena Vista Trail,Phoenix,Arizona,602-675-5911
bmcritchieg@google.com.br,XeSkaEuREEgW,Bax,McRitchie,63645 Blaine Terrace,Washington,District of Columbia,202-976-4951
egalsworthyh@vk.com,OB3Qdm2YSR8,Edita,Galsworthy,44884 Stephen Park,Baltimore,Maryland,410-104-1530
rburyi@mozilla.com,jrSygT3Q,Rodrick,Bury,402 Badeau Pass,Dayton,Ohio,937-491-0197
mivashchenkoj@disqus.com,R55pjAp5P,Mellie,Ivashchenko,2 Larry Hill,Washington,District of Columbia,202-896-0315
kwittk@soup.io,emQCpX2ipp,Kelby,Witt,15566 Larry Park,Indianapolis,Indiana,765-632-1617
jskullyl@spiegel.de,QH4aQdD,Jesse,Skully,2281 Parkside Terrace,Dallas,Texas,972-541-7853
mwhitbreadm@dailymotion.com,XOJLF3VZ,Marnia,Whitbread,11914 Jenna Plaza,Arlington,Virginia,571-561-0029
dhanniganen@w3.org,649hYnw,Dora,Hannigane,8 Waywood Lane,Nashville,Tennessee,615-567-4995
ggaineo@clickbank.net,mammBB,Gerhard,Gaine,9 Mitchell Junction,Savannah,Georgia,912-505-5656
lcrannagep@jugem.jp,3Z9kfs,Lorry,Crannage,06197 Park Meadow Court,Washington,District of Columbia,202-811-4775
mkilligrewq@boston.com,MFQKvVYCaS,Millie,Killigrew,4 Jenifer Point,Valley Forge,Pennsylvania,484-358-2169
ogalletleyr@purevolume.com,OFpIVg,Orlando,Galletley,38537 Golf Course Park,Kingsport,Tennessee,423-186-2979
craults@utexas.edu,2YNKt7Uu0,Cirilo,Rault,493 Texas Alley,Peoria,Illinois,309-227-0298
jpietzkert@fema.gov,AtmRMS,Joyce,Pietzker,42118 Havey Alley,Montgomery,Alabama,334-165-1325
akobpau@wordpress.com,bM7v1Z05f2q,Adamo,Kobpa,0 Chive Road,El Paso,Texas,915-675-6281
mburnistonv@china.com.cn,S243ZU9imNiF,Mag,Burniston,8 Morning Way,Fort Collins,Colorado,970-862-0702
cpotteryw@craigslist.org,4mEoCdt,Caroline,Pottery,875 Redwing Avenue,Dallas,Texas,214-267-4758
clohanx@telegraph.co.uk,3NRBhyBk,Cointon,Lohan,0390 Graedel Court,Youngstown,Ohio,330-926-3973
cstraussy@homestead.com,mnXoZJ4,Carlo,Strauss,828 Vernon Pass,Orlando,Florida,941-996-3628
splattsz@blinklist.com,yzNJZTw,Sarine,Platts,133 Melody Drive,Sacramento,California,916-626-8054
ascotland10@cafepress.com,NSwZHNyf,Aileen,Scotland,526 Calypso Center,Santa Cruz,California,831-630-6013
tpoundesford11@usgs.gov,gXbg497yeIA,Toddie,Poundesford,6357 Pierstorff Terrace,Trenton,New Jersey,609-365-0776
rrobun12@jiathis.com,IoS4O8AIhY,Renae,Robun,302 Ridgeview Alley,Honolulu,Hawaii,808-733-4664
wscud13@usnews.com,AUieUJlRzE,Waite,Scud,052 Twin Pines Trail,Charleston,South Carolina,843-274-5398
mdanher14@cargocollective.com,5FFldrX0,Mufi,Danher,9 Canary Park,New York City,New York,212-351-6446
joloughane15@joomla.org,14t2Lgzo,Jacinda,O'Loughane,533 Fisk Place,Boise,Idaho,208-458-5601
titter16@wsj.com,wdKpGyQj9y,Tedd,Itter,44997 Dixon Junction,Lexington,Kentucky,859-313-8997
gmitchall17@networksolutions.com,LPXLWwqT,Gunner,Mitchall,2 South Lane,Sacramento,California,916-799-7793
sargile18@businesswire.com,8lpvQWgFu2QP,Son,Argile,5 David Terrace,El Paso,Texas,915-651-9767
kpenna19@utexas.edu,VQN9dlTiZLu,Kelley,Penna,9879 Myrtle Drive,Milwaukee,Wisconsin,414-251-7224
rropert1a@amazon.co.uk,hQTO7Qo,Ravid,Ropert,1525 Dawn Pass,Brooklyn,New York,347-761-7887
ysanti1b@harvard.edu,mICGaYgFZK,York,Santi,0 Union Road,Houston,Texas,832-702-9408
btripet1c@noaa.gov,eItkufm7pdW,Bendicty,Tripet,94 Lakewood Gardens Pass,Green Bay,Wisconsin,920-934-8035
lhanhard1d@twitpic.com,9Hazmoyc,Letty,Hanhard,9748 Stone Corner Junction,Durham,North Carolina,919-987-9072
glongthorn1e@ycombinator.com,OMiHgH4oO4D,Gasper,Longthorn,64163 Butternut Street,New Orleans,Louisiana,504-604-2657
mturfus1f@technorati.com,cMtybM,Marcello,Turfus,69446 Forest Run Terrace,Grand Rapids,Michigan,616-908-2243
jgreet1g@bravesites.com,f0TCVQrZ,Joella,Greet,36064 Jana Road,Round Rock,Texas,512-881-7129
nsasser1h@nyu.edu,vecGtCSB9,Noami,Sasser,76974 Nobel Drive,Orlando,Florida,407-260-4612
dbardnam1i@goo.ne.jp,Htz67dBeJA,Demetrius,Bardnam,9 Marcy Junction,El Paso,Texas,915-224-9372
bmiere1j@opera.com,kg3KFtM,Barde,Miere,58 Crest Line Crossing,El Paso,Texas,915-221-9424
acuppleditch1k@tinypic.com,enVL51J7xSw,Anny,Cuppleditch,458 Hermina Park,Minneapolis,Minnesota,612-319-1863
dcavet1l@auda.org.au,oOsolydXuE8,Deina,Cavet,16172 East Way,Fort Worth,Texas,817-141-4724
mdobbins1m@uiuc.edu,FjdFFPOBsSHn,Micki,Dobbins,5 Tennessee Way,Scranton,Pennsylvania,570-916-6118
hrodman1n@ehow.com,RDPttK,Hollyanne,Rodman,3824 Cascade Trail,San Mateo,California,805-751-2192
cpurvis1o@free.fr,18ntJERYmRb,Chicky,Purvis,98269 Westend Center,Kansas City,Missouri,816-830-2027
gbirth1p@mayoclinic.com,BzJZ4E,Gordie,Birth,21365 Eggendart Place,Fort Smith,Arkansas,479-858-7323
fgrigor1q@bandcamp.com,G9dZkasc3QCX,Filbert,Grigor,479 Debs Lane,Peoria,Arizona,928-325-3707
ibrushneen1r@nature.com,ZmfbkoyKs,Ignacio,Brushneen,00228 2nd Plaza,Milwaukee,Wisconsin,262-172-6025
athreadgill1s@vkontakte.ru,yumJZGfvCbf,Alida,Threadgill,74818 Village Green Way,Toledo,Ohio,419-177-5246
dswindin1t@networkadvertising.org,UTZnczc0fL,Deina,Swindin,2 Schiller Terrace,Tampa,Florida,813-475-9252
mmalone1u@amazon.co.uk,IJ4X7ej,Melly,Malone,17 Weeping Birch Way,Tucson,Arizona,520-934-8120
orehor1v@ning.com,EhCWOQbnN,Orin,Rehor,26330 Jenna Way,Moreno Valley,California,951-923-6750
ddunseath1w@ucoz.com,EQwc3j9eseF,Durand,Dunseath,8207 Redwing Terrace,Greensboro,North Carolina,336-604-1048
edomelaw1x@blogger.com,iUvb5frf,Ernie,Domelaw,52982 Westerfield Hill,Suffolk,Virginia,757-681-5002
jhapgood1y@washington.edu,4aF4ZU,Jarvis,Hapgood,272 Fordem Street,Oklahoma City,Oklahoma,405-733-5662
ldowall1z@ox.ac.uk,PXC9U0vPR,Larissa,Dowall,7 Shoshone Park,Bowie,Maryland,240-611-3058
nplowes20@redcross.org,ZtpVoqZnd2lf,Nedda,Plowes,25760 Rockefeller Circle,Saint Paul,Minnesota,651-833-5679
tscrivinor21@archive.org,idiFewsIa,Toby,Scrivinor,3413 Grasskamp Parkway,Charleston,West Virginia,304-681-9362
bdenajera22@buzzfeed.com,U7BdWD5Z,Blithe,de Najera,975 Transport Junction,Houston,Texas,281-822-3944
randrysiak23@exblog.jp,L70cWM2AeD,Ruben,Andrysiak,3 Browning Center,El Paso,Texas,915-682-4579
troadknight24@spiegel.de,EoZePLFL,Tilda,Roadknight,6727 Leroy Street,Omaha,Nebraska,402-366-3937
dlittrell25@house.gov,w1AMOemGKoWC,Dorie,Littrell,55850 North Junction,San Antonio,Texas,210-811-2047
cfarrear26@hhs.gov,5x3L40kHE1z,Crissie,Farrear,027 Weeping Birch Park,Atlanta,Georgia,404-285-7482
ccardus27@mapquest.com,YXXd1vHrXDJ,Christiane,Cardus,155 Jay Hill,Detroit,Michigan,734-692-0327
akeeltagh28@privacy.gov.au,lK86VM,Anne,Keeltagh,4475 Washington Place,Buffalo,New York,716-920-9530
dcarl29@scribd.com,fFYSLCwelx,Dicky,Carl,889 Barnett Court,Shawnee Mission,Kansas,913-419-0696
cchantler2a@cbc.ca,u2xrJJm9,Consalve,Chantler,7 Armistice Avenue,Bloomington,Indiana,812-511-8274
ebraidwood2b@amazon.com,dJclivUs3,Elsy,Braidwood,5304 Iowa Court,Saint Louis,Missouri,314-871-5413
callberry2c@google.com.hk,6oYEH6cbp,Carla,Allberry,2023 Manufacturers Road,New Orleans,Louisiana,504-693-6631
whearson2d@ask.com,24gNSE,Winfield,Hearson,1326 Green Ridge Avenue,New York City,New York,212-525-9018
kaldous2e@weibo.com,NF46MAykC9Mx,Kriste,Aldous,6813 Pierstorff Avenue,Carson City,Nevada,775-593-5478
hchimenti2f@usa.gov,uLjmt6q8j70a,Hilliary,Chimenti,0590 Mallard Point,Columbus,Ohio,614-544-3872
bsides2g@squidoo.com,68rlGJ,Buffy,Sides,4914 Sutteridge Junction,Migrate,Kentucky,502-396-2239
cgleeton2h@squarespace.com,23RbDDbnQMB,Claudelle,Gleeton,03356 Sachtjen Court,New York City,New York,212-355-2928
kpilmer2i@reverbnation.com,Z1DhkRmhAvY,Karol,Pilmer,7555 Mayer Hill,El Paso,Texas,915-723-9924
dkilliner2j@pagesperso-orange.fr,NZsfuyM87r,Donetta,Killiner,0 Ramsey Parkway,Brooklyn,New York,718-659-3264
mbow2k@youtu.be,KjgNgPuSQ0,Mordecai,Bow,252 Brickson Park Road,San Francisco,California,415-542-9013
bduiguid2l@github.io,UkcsdnJpRI,Bethanne,Duiguid,13 Bultman Hill,San Francisco,California,415-821-2116
smorrallee2m@people.com.cn,NjqoaD8I7U,Sheila,Morrallee,6083 Dryden Place,Roanoke,Virginia,540-989-7779
cells2n@bing.com,cNQsrOyje,Conni,Ells,6 Lakewood Gardens Lane,Syracuse,New York,315-927-6356
gskaifedingerthorpe2o@answers.com,wqBiVhBf,Guillermo,Skaife d'Ingerthorpe,30227 Schmedeman Court,New York City,New York,646-607-2308
ppedroli2p@bigcartel.com,VgLEGc,Pepi,Pedroli,7 Rusk Center,Escondido,California,760-216-2302
zconnah2q@gravatar.com,L5GiTbhKU,Zechariah,Connah,50625 Dennis Place,Virginia Beach,Virginia,757-925-1375
lkennady2r@mail.ru,XspH3Wp5LhX,Loree,Kennady,81 Fremont Crossing,Jackson,Mississippi,601-448-6290
dbatchelor2s@rambler.ru,21KH5bR1,Debera,Batchelor,9 Holmberg Junction,Salt Lake City,Utah,801-789-8734
boshee2t@thetimes.co.uk,rBSZLTzu1vk,Buck,O'Shee,42 Delladonna Crossing,Greensboro,North Carolina,336-558-3718
zdowbekin2u@canalblog.com,n2bgoA1yzK,Zollie,Dowbekin,437 Grim Drive,Huntington Beach,California,714-383-6453
zdancer2v@businesswire.com,Y26Ehv3,Zarah,Dancer,5 Mesta Plaza,Detroit,Michigan,313-665-5978
bivashchenko2w@squarespace.com,gaeIrPPx,Brewer,Ivashchenko,8 Corry Place,Columbia,South Carolina,803-121-7377
tpummell2x@fda.gov,jTxzLO,Tiffani,Pummell,29031 Graceland Place,Baltimore,Maryland,410-759-3807
kluberti2y@independent.co.uk,RDOWeC6JPhy,Karol,Luberti,6 Tennessee Terrace,Norfolk,Virginia,757-216-8797
mbursnoll2z@vk.com,hMrkWI,Meredith,Bursnoll,050 Pierstorff Plaza,Herndon,Virginia,757-642-4647
kmarkwelley30@google.pl,zrWJ3fVxMC,Kary,Markwelley,597 New Castle Plaza,Oklahoma City,Oklahoma,405-583-4607
aolivelli31@yale.edu,m5nQKlj,Adriaens,Olivelli,180 Sunfield Court,Washington,District of Columbia,202-127-4152
ccannon32@mozilla.com,kqcWaMr,Carey,Cannon,82 Sundown Plaza,Memphis,Tennessee,901-665-7146
zjira33@wunderground.com,DBQWaLmQ7S,Zelma,Jira,58 Dawn Hill,Wilkes Barre,Pennsylvania,570-854-5554
ctidy34@amazon.com,u6YPfryMBa2,Cinderella,Tidy,454 Merry Road,Houston,Texas,713-411-4519
mkippling35@examiner.com,53tL8Uv,Melinda,Kippling,9 Tennyson Parkway,Oxnard,California,805-923-7095
hpalmer36@deliciousdays.com,SUlwZPDSy2Z3,Hamil,Palmer,09958 Linden Park,Lexington,Kentucky,859-952-5586
brochford37@sourceforge.net,SViP33RR,Bucky,Rochford,1302 Gerald Court,Toledo,Ohio,419-604-7380
lstickens38@noaa.gov,GEpk3vB9h,Lane,Stickens,07 Golden Leaf Lane,Tampa,Florida,727-688-9308
hferreira39@de.vu,rGabTpo,Horton,Ferreira,5 Mayer Terrace,Topeka,Kansas,785-166-7145
bedards3a@storify.com,Kk7OQlUrXl,Beatrisa,Edards,65 Memorial Alley,Mobile,Alabama,251-409-5366
hyule3b@drupal.org,EtUqdJJco7u,Haskell,Yule,34665 4th Place,Topeka,Kansas,785-663-1600
pgelder3c@dot.gov,lbBPEkUr9,Phillipe,Gelder,3 Westerfield Pass,Spokane,Washington,509-502-3654
flind3d@reddit.com,VxTKOYpkd7,Fanny,Lind,324 Orin Street,Columbus,Ohio,614-288-6192
sizzard3e@cnbc.com,xTGlhxiM0,Stanleigh,Izzard,1 Muir Way,Pittsburgh,Pennsylvania,412-830-4450
jveck3f@si.edu,2KGNynR2,Joellen,Veck,90 Blaine Court,Richmond,Virginia,804-730-8467
akilius3g@wikia.com,Ioz9ffW1,Aloise,Kilius,2720 Haas Terrace,Birmingham,Alabama,205-910-6117
tprugel3h@storify.com,G7N0tVZXkF,Tish,Prugel,49286 Morningstar Pass,New York City,New York,212-883-8117
dmaccartair3i@yelp.com,aSwiFhLm,Deane,MacCartair,2 Elgar Pass,North Little Rock,Arkansas,501-278-8634
talvy3j@macromedia.com,R8wZoWGP,Tamarra,Alvy,9 Hallows Place,Lincoln,Nebraska,402-485-2842
jpaur3k@addthis.com,IUM4vjBGL8pz,Jesselyn,Paur,8 Sauthoff Point,New Orleans,Louisiana,504-944-0107
cshearstone3l@soundcloud.com,f4IzR0,Colin,Shearstone,40 Dryden Hill,Winter Haven,Florida,863-164-2542
sforsaith3m@stanford.edu,vJVGkx,Sheilah,Forsaith,8549 Burrows Place,Kansas City,Missouri,816-731-1317
btompkins3n@vimeo.com,XgWM3S0JDA,Brian,Tompkins,3677 Becker Terrace,Las Vegas,Nevada,702-882-9925
oseckom3o@360.cn,wra9HjP,Ondrea,Seckom,2 Ludington Trail,Boulder,Colorado,303-671-5943
kcancellor3p@mozilla.com,xHQYA2rMoJH,Kessiah,Cancellor,2868 Rusk Plaza,New York City,New York,212-158-8978
tfrushard3q@thetimes.co.uk,148g8qOGy,Terrijo,Frushard,7758 Truax Park,Birmingham,Alabama,205-700-3151
freide3r@weebly.com,BRS9iL8,Francine,Reide,4262 Oak Junction,Washington,District of Columbia,202-542-4529
mbastick3s@woothemes.com,FBFDUDD,Maisey,Bastick,37 Columbus Avenue,Las Vegas,Nevada,702-575-2556
fswann3t@ifeng.com,g8yEE8ywowU,Floris,Swann,371 Gerald Court,Atlanta,Georgia,404-874-5586
atink3u@nature.com,8ZSIFZVR,Amara,Tink,99922 Huxley Drive,New York City,New York,917-837-5661
phabens3v@amazon.com,0DltpHJmB,Patin,Habens,5 Annamark Trail,Newark,New Jersey,973-900-6016
mmcconville3w@amazon.com,QmiWC2dvK0,Myrtle,McConville,75 Briar Crest Street,Tampa,Florida,727-168-6022
mheffernon3x@nature.com,3nBYBwNr9,Monica,Heffernon,41 Arizona Hill,Shawnee Mission,Kansas,913-221-6555
cthunder3y@google.com.br,4chXncF4eIT,Correna,Thunder,0711 Quincy Crossing,Los Angeles,California,213-157-2555
arimmington3z@usgs.gov,gVDkon8szxWn,Angelico,Rimmington,4132 Laurel Plaza,El Paso,Texas,915-907-5477
chazelden40@tiny.cc,fOysUwJOWI,Cosmo,Hazelden,5 Sloan Center,Buffalo,New York,716-477-4564
sweaver41@elegantthemes.com,HiCabPMmLB,Silvia,Weaver,6 Colorado Road,Bradenton,Florida,941-828-7947
eflanaghan42@blog.com,MfR7gmyFmgu,Eleonore,Flanaghan,6 Green Plaza,Columbia,Missouri,573-686-2838
kgorstidge43@google.ru,sez3IZQxY,Krishnah,Gorstidge,3865 Acker Center,Saint Louis,Missouri,314-388-9021
wreavey44@networksolutions.com,8P0U4srF,Winona,Reavey,29 Warrior Parkway,Watertown,Massachusetts,857-786-0983
cshadfourth45@oakley.com,N8YMAHvVII7W,Chas,Shadfourth,50 Farragut Drive,Bozeman,Montana,406-204-5883
cchellam46@house.gov,dNMK7LSsX,Caitlin,Chellam,24 Rusk Center,Newport News,Virginia,757-581-6492
marrol47@cnet.com,8D8Tpz,Myrtle,Arrol,6 Bluejay Pass,Atlanta,Georgia,770-837-1267
eredihough48@google.ca,WsXPAYUYujH,Edsel,Redihough,844 Veith Alley,Boulder,Colorado,303-560-1197
alindroos49@a8.net,1WsBuGt3xoqW,Aggi,Lindroos,64144 Holmberg Lane,Memphis,Tennessee,901-513-5875
iwhear4a@columbia.edu,1BIjZnK,Iorgo,Whear,2730 5th Way,Houston,Texas,713-785-4573
sklaus4b@w3.org,QGf0ns3APAvH,Skippy,Klaus,812 Wayridge Alley,Dallas,Texas,972-103-9975
rmoxsom4c@answers.com,7FpJfWBBY,Rodney,Moxsom,0 Sunbrook Parkway,Atlanta,Georgia,404-780-1874
fcoot4d@gnu.org,zgjR7M,Farlie,Coot,347 Petterle Place,Washington,District of Columbia,202-220-5683
jmccarron4e@sciencedirect.com,AntH4oc,Janeczka,McCarron,9 Westridge Drive,Long Beach,California,562-371-4632
cconre4f@utexas.edu,2mn5g9,Cletus,Conre,5082 Schiller Place,Eugene,Oregon,541-410-7704
mauty4g@forbes.com,TH28ruYasJD,Mead,Auty,7 Burrows Place,Huntington,West Virginia,304-458-0046
achazier4h@salon.com,ZK0xAcOm5ny,Abrahan,Chazier,25902 Browning Terrace,Reston,Virginia,703-416-8090
apaulou4i@biblegateway.com,2OpdGWftETQ,Allie,Paulou,67 Maple Point,Trenton,New Jersey,609-167-1085
ptome4j@biblegateway.com,uxpMldRYvxG,Paxton,Tome,5725 Talisman Plaza,Hollywood,Florida,305-987-5782
ecosterd4k@dot.gov,7szzT8D1,Ealasaid,Costerd,96775 Elka Avenue,Sacramento,California,916-633-2862
hjesper4l@senate.gov,d9kDEbugSy,Honoria,Jesper,38 Anthes Crossing,Newton,Massachusetts,508-698-5248
sboylin4m@home.pl,dJWnseDwX,Swen,Boylin,522 Summit Terrace,Glendale,California,818-748-6522
tboice4n@bizjournals.com,UFne14YMQI24,Tersina,Boice,672 Emmet Parkway,Charlotte,North Carolina,704-609-6962
afenix4o@discovery.com,SseFAbm,Alissa,Fenix,17981 Holmberg Crossing,Corona,California,951-320-6796
mofer4p@so-net.ne.jp,XdJWfx,Maddalena,Ofer,73624 Sloan Court,Toledo,Ohio,419-207-9492
bhightown4q@google.fr,9R9MHvgaV9PY,Brianne,Hightown,3792 Union Street,Toledo,Ohio,419-354-1122
bpitt4r@toplist.cz,VzjHVTs0,Brigitta,Pitt,523 Golden Leaf Point,Milwaukee,Wisconsin,414-791-0123
jcuncarr4s@unesco.org,p7RtOHLgmF0H,Joli,Cuncarr,6242 4th Avenue,Wichita,Kansas,316-902-4288
igypson4t@jimdo.com,0zLkJWTC,Iain,Gypson,7376 Nova Point,Lexington,Kentucky,859-656-4992
ncrichmere4u@ucsd.edu,vrqQhDett,Nat,Crichmere,6 Bowman Way,Mobile,Alabama,251-621-2287
hbremmer4v@economist.com,57vvgVKOh8u0,Hyatt,Bremmer,68 Prentice Plaza,Clearwater,Florida,727-567-4464
bcurnow4w@goo.gl,kYija9,Bogey,Curnow,15 Northview Court,Moreno Valley,California,951-753-3962
cradden4x@yellowpages.com,63TOZB4yf9,Cynthy,Radden,4 Old Shore Junction,Fayetteville,North Carolina,910-366-5598
dhembrow4y@patch.com,rSiPs0,Darci,Hembrow,70684 Amoth Avenue,Huntsville,Alabama,256-240-0507
igreenough4z@amazon.co.uk,LvdLdXn7,Isidor,Greenough,662 Hauk Lane,Minneapolis,Minnesota,952-248-8494
dlines50@admin.ch,g3NMcfM2zqg,Deena,Lines,415 Brentwood Pass,Seattle,Washington,206-537-2491
bcalltone51@tinypic.com,PDOQ5um,Brittaney,Calltone,922 Magdeline Center,Winston Salem,North Carolina,336-333-8984
gdikle52@time.com,ejU31DSzAZ,Giovanni,Dikle,24 Schlimgen Place,El Paso,Texas,915-796-3211
blewin53@theguardian.com,8tG7qY4D,Bobette,Lewin,173 Tony Terrace,Fort Lauderdale,Florida,954-181-2827
aarangy54@issuu.com,fUcMQOFv,Angelico,Arangy,5 Gulseth Drive,Kansas City,Missouri,816-945-7190
lhandscombe55@is.gd,x4GEd71S0mI,Liza,Handscombe,33229 Northfield Junction,Omaha,Nebraska,402-120-5328
dboland56@csmonitor.com,25w4j8MP,Dorian,Boland,82938 Melby Point,Provo,Utah,801-728-0939
odurrell57@netvibes.com,vBWOI9CDL0HF,Ortensia,Durrell,60346 Northport Drive,Baton Rouge,Louisiana,225-442-0273
gairy58@si.edu,VN0MutrxEn,Garreth,Airy,21 Morningstar Road,Champaign,Illinois,217-970-6489
bwrist59@printfriendly.com,PT1QX1F5jORn,Boot,Wrist,91672 Lake View Point,Dayton,Ohio,937-658-2458
groselli5a@joomla.org,qVsp0ZbAG0s,Giselle,Roselli,559 Stuart Pass,Kansas City,Missouri,816-928-7666
dklainman5b@cornell.edu,VEjyasj,Delphine,Klainman,4249 Londonderry Lane,Pittsburgh,Pennsylvania,412-669-1232
rfudge5c@ucsd.edu,8d4TeejJ7,Rustin,Fudge,58 Grover Hill,Fort Wayne,Indiana,260-456-0468
cburren5d@uiuc.edu,63W5UlxcJ,Caesar,Burren,50 Manley Avenue,Salt Lake City,Utah,435-779-1489
mtayloe5e@bbc.co.uk,4XaFb3,Marnie,Tayloe,0532 Gerald Hill,Amarillo,Texas,806-302-7311
thughes5f@yolasite.com,3lml2Sr5f,Tiphanie,Hughes,13025 Lakeland Avenue,Spartanburg,South Carolina,864-445-7324
fbrimicombe5g@ask.com,tt9Plf67,Fransisco,Brimicombe,6667 Kinsman Street,Lake Charles,Louisiana,337-585-0701
rbrookzie5h@flickr.com,qvf2K6i9q5,Raphael,Brookzie,58 Miller Street,Sacramento,California,916-887-3784
fstorey5i@bloomberg.com,pXW7JFZ,Farand,Storey,109 Upham Center,Nashville,Tennessee,615-432-5641
abottom5j@gravatar.com,e2tWUidZxg,Avie,Bottom,98 Redwing Alley,Charlotte,North Carolina,704-545-2722
